<TextureAtlas imagePath="sheet.png">
	<SubTexture Name="arrowBeige_left.png" x="303" y="486" width="22" height="21"/>
	<SubTexture Name="arrowBeige_right.png" x="171" y="486" width="22" height="21"/>
	<SubTexture Name="arrowBlue_left.png" x="193" y="486" width="22" height="21"/>
	<SubTexture Name="arrowBlue_right.png" x="215" y="486" width="22" height="21"/>
	<SubTexture Name="arrowBrown_left.png" x="237" y="486" width="22" height="21"/>
	<SubTexture Name="arrowBrown_right.png" x="325" y="486" width="22" height="21"/>
	<SubTexture Name="arrowSilver_left.png" x="281" y="486" width="22" height="21"/>
	<SubTexture Name="arrowSilver_right.png" x="259" y="486" width="22" height="21"/>
	<SubTexture Name="barBack_horizontalLeft.png" x="372" y="330" width="9" height="18"/>
	<SubTexture Name="barBack_horizontalMid.png" x="338" y="386" width="18" height="18"/>
	<SubTexture Name="barBack_horizontalRight.png" x="190" y="294" width="9" height="18"/>
	<SubTexture Name="barBack_verticalBottom.png" x="290" y="189" width="18" height="9"/>
	<SubTexture Name="barBack_verticalMid.png" x="338" y="404" width="18" height="18"/>
	<SubTexture Name="barBack_verticalTop.png" x="338" y="440" width="18" height="9"/>
	<SubTexture Name="barBlue_horizontalBlue.png" x="356" y="431" width="18" height="18"/>
	<SubTexture Name="barBlue_horizontalLeft.png" x="372" y="294" width="9" height="18"/>
	<SubTexture Name="barBlue_horizontalRight.png" x="372" y="312" width="9" height="18"/>
	<SubTexture Name="barBlue_verticalBottom.png" x="344" y="189" width="18" height="9"/>
	<SubTexture Name="barBlue_verticalMid.png" x="356" y="386" width="18" height="18"/>
	<SubTexture Name="barBlue_verticalTop.png" x="356" y="404" width="18" height="9"/>
	<SubTexture Name="barGreen_horizontalLeft.png" x="370" y="108" width="9" height="18"/>
	<SubTexture Name="barGreen_horizontalMid.png" x="338" y="368" width="18" height="18"/>
	<SubTexture Name="barGreen_horizontalRight.png" x="190" y="312" width="9" height="18"/>
	<SubTexture Name="barGreen_verticalBottom.png" x="338" y="467" width="18" height="9"/>
	<SubTexture Name="barGreen_verticalMid.png" x="356" y="413" width="18" height="18"/>
	<SubTexture Name="barGreen_verticalTop.png" x="171" y="476" width="18" height="9"/>
	<SubTexture Name="barRed_horizontalLeft.png" x="370" y="90" width="9" height="18"/>
	<SubTexture Name="barRed_horizontalMid.png" x="356" y="368" width="18" height="18"/>
	<SubTexture Name="barRed_horizontalRight.png" x="190" y="348" width="9" height="18"/>
	<SubTexture Name="barRed_verticalBottom.png" x="347" y="503" width="18" height="9"/>
	<SubTexture Name="barRed_verticalMid.png" x="347" y="485" width="18" height="18"/>
	<SubTexture Name="barRed_verticalTop.png" x="338" y="476" width="18" height="9"/>
	<SubTexture Name="barYellow_horizontalLeft.png" x="370" y="126" width="9" height="18"/>
	<SubTexture Name="barYellow_horizontalMid.png" x="338" y="449" width="18" height="18"/>
	<SubTexture Name="barYellow_horizontalRight.png" x="190" y="330" width="9" height="18"/>
	<SubTexture Name="barYellow_verticalBottom.png" x="326" y="189" width="18" height="9"/>
	<SubTexture Name="barYellow_verticalMid.png" x="338" y="422" width="18" height="18"/>
	<SubTexture Name="barYellow_verticalTop.png" x="308" y="189" width="18" height="9"/>
	<SubTexture Name="buttonLong_beige.png" x="0" y="282" width="190" height="49"/>
	<SubTexture Name="buttonLong_beige_pressed.png" x="0" y="237" width="190" height="45"/>
	<SubTexture Name="buttonLong_blue.png" x="0" y="188" width="190" height="49"/>
	<SubTexture Name="buttonLong_blue_pressed.png" x="0" y="143" width="190" height="45"/>
	<SubTexture Name="buttonLong_brown.png" x="0" y="49" width="190" height="49"/>
	<SubTexture Name="buttonLong_brown_pressed.png" x="0" y="98" width="190" height="45"/>
	<SubTexture Name="buttonLong_grey.png" x="0" y="0" width="190" height="49"/>
	<SubTexture Name="buttonLong_grey_pressed.png" x="0" y="331" width="190" height="45"/>
	<SubTexture Name="buttonRound_beige.png" x="335" y="76" width="35" height="38"/>
	<SubTexture Name="buttonRound_blue.png" x="335" y="38" width="35" height="38"/>
	<SubTexture Name="buttonRound_brown.png" x="335" y="114" width="35" height="38"/>
	<SubTexture Name="buttonRound_grey.png" x="335" y="0" width="35" height="38"/>
	<SubTexture Name="buttonSquare_beige.png" x="293" y="294" width="45" height="49"/>
	<SubTexture Name="buttonSquare_beige_pressed.png" x="290" y="94" width="45" height="45"/>
	<SubTexture Name="buttonSquare_blue.png" x="290" y="0" width="45" height="49"/>
	<SubTexture Name="buttonSquare_blue_pressed.png" x="290" y="139" width="45" height="45"/>
	<SubTexture Name="buttonSquare_brown.png" x="293" y="343" width="45" height="49"/>
	<SubTexture Name="buttonSquare_brown_pressed.png" x="293" y="392" width="45" height="45"/>
	<SubTexture Name="buttonSquare_grey.png" x="293" y="437" width="45" height="49"/>
	<SubTexture Name="buttonSquare_grey_pressed.png" x="290" y="49" width="45" height="45"/>
	<SubTexture Name="cursorGauntlet_blue.png" x="30" y="482" width="30" height="30"/>
	<SubTexture Name="cursorGauntlet_bronze.png" x="0" y="482" width="30" height="30"/>
	<SubTexture Name="cursorGauntlet_grey.png" x="60" y="482" width="30" height="30"/>
	<SubTexture Name="cursorHand_beige.png" x="90" y="482" width="27" height="28"/>
	<SubTexture Name="cursorHand_blue.png" x="117" y="482" width="27" height="28"/>
	<SubTexture Name="cursorHand_grey.png" x="144" y="482" width="27" height="28"/>
	<SubTexture Name="cursorSword_bronze.png" x="338" y="331" width="34" height="37"/>
	<SubTexture Name="cursorSword_gold.png" x="338" y="294" width="34" height="37"/>
	<SubTexture Name="cursorSword_silver.png" x="335" y="152" width="34" height="37"/>
	<SubTexture Name="iconCheck_beige.png" x="369" y="184" width="16" height="15"/>
	<SubTexture Name="iconCheck_blue.png" x="370" y="30" width="16" height="15"/>
	<SubTexture Name="iconCheck_bronze.png" x="370" y="45" width="16" height="15"/>
	<SubTexture Name="iconCheck_grey.png" x="370" y="75" width="16" height="15"/>
	<SubTexture Name="iconCircle_beige.png" x="356" y="466" width="17" height="17"/>
	<SubTexture Name="iconCircle_blue.png" x="365" y="483" width="17" height="17"/>
	<SubTexture Name="iconCircle_brown.png" x="369" y="152" width="17" height="17"/>
	<SubTexture Name="iconCircle_grey.png" x="356" y="449" width="17" height="17"/>
	<SubTexture Name="iconCross_beige.png" x="369" y="169" width="16" height="15"/>
	<SubTexture Name="iconCross_blue.png" x="370" y="15" width="16" height="15"/>
	<SubTexture Name="iconCross_brown.png" x="370" y="0" width="16" height="15"/>
	<SubTexture Name="iconCross_grey.png" x="370" y="60" width="16" height="15"/>
	<SubTexture Name="panelInset_beige.png" x="200" y="294" width="93" height="94"/>
	<SubTexture Name="panelInset_beigeLight.png" x="190" y="200" width="93" height="94"/>
	<SubTexture Name="panelInset_blue.png" x="200" y="388" width="93" height="94"/>
	<SubTexture Name="panelInset_brown.png" x="283" y="200" width="93" height="94"/>
	<SubTexture Name="panel_beige.png" x="190" y="100" width="100" height="100"/>
	<SubTexture Name="panel_beigeLight.png" x="100" y="376" width="100" height="100"/>
	<SubTexture Name="panel_blue.png" x="190" y="0" width="100" height="100"/>
	<SubTexture Name="panel_brown.png" x="0" y="376" width="100" height="100"/>
</TextureAtlas>